name,country,region,gender,image_url,college
Aaron  Draplin,United States,North America,M,images/aaron_draplin.jpg,Central Saint Martins
Abbott Miller,United States,North America,M,images/abbott_miller.jpg,Central Saint Martins
Abdulkader Arnaout,Syria,Asia,M,images/abdulkader_arnaout.jpg,Central Saint Martins
Abdulkader Arnaout,Syria,Asia,M,images/abdulkader_arnaout.jpg,Central Saint Martins
Abram Games,United Kingdom,Europe,M,images/abram_games.jpg,Central Saint Martins
Abram Games,United Kingdom,Europe,M,images/abram_games.jpg,Central Saint Martins
Abram Games,United Kingdom,Europe,M,images/abram_games.jpg,Central Saint Martins
Abram Games,United Kingdom,Europe,M,images/abram_games.jpg,Central Saint Martins
Abram Games,United Kingdom,Europe,M,images/abram_games.jpg,Central Saint Martins
Alan Aldridge,United Kingdom,Europe,M,images/alan_aldridge.jpg,Central Saint Martins
Alan Kitching,United Kingdom,Europe,M,images/alan_kitching.jpg,Central Saint Martins
Alex Jordan,France,Europe,M,images/alex_jordan.jpg,Central Saint Martins
Alex Trochut,Spain,Europe,M,images/alex_trochut.jpg,Central Saint Martins
Alex Wollner,Brazil,South America,M,images/alex_wollner.jpg,Central Saint Martins
Alexander Girard,United States,North America,M,images/alexander_girard.jpg,Central Saint Martins
Alexey Brodovitch,Russia,Europe,M,images/alexey_brodovitch.jpg,Central Saint Martins
Alvin Lustig,United States,North America,M,images/alvin_lustig.jpg,Central Saint Martins
Anthony Burrill,United Kingdom,Europe,M,images/anthony_burrill.jpg,Central Saint Martins
Anton Stankowski,Germany,Europe,M,images/anton_stankowski.jpg,Central Saint Martins
Armando Testa,Italy,Europe,M,images/armando_testa.jpg,Central Saint Martins
Arnold Schwartzman,United Kingdom,Europe,M,images/arnold_schwartzman.jpg,Central Saint Martins
Art Chantry,United States,North America,M,images/art_chantry.jpg,Central Saint Martins
Art Chantry,United States,North America,M,images/art_chantry.jpg,Central Saint Martins
Barney Bubbles,United Kingdom,Europe,M,images/barney_bubbles.jpg,Central Saint Martins
Barney Bubbles,United Kingdom,Europe,M,images/barney_bubbles.jpg,Central Saint Martins
Ben Bos,Netherlands,Europe,M,images/ben_bos.jpg,Central Saint Martins
Ben Tallon,United Kingdom,Europe,M,images/ben_tallon.jpg,Central Saint Martins
Beppe Giacobbe,Italy,Europe,M,images/beppe_giacobbe.jpg,Central Saint Martins
Blaine Fontana,United States,North America,M,images/blaine_fontana.jpg,Central Saint Martins
Bob Noorda,Netherlands,Europe,M,images/bob_noorda.jpg,Central Saint Martins
Brandon Downing,United States,North America,M,images/brandon_downing.jpg,Central Saint Martins
Brian Grimwood,United Kingdom,Europe,M,images/brian_grimwood.jpg,Central Saint Martins
Brian Randall,United States,North America,M,images/brian_randall.jpg,Central Saint Martins
Brian Roettinger,United States,North America,M,images/brian_roettinger.jpg,Central Saint Martins
Bruno Monguzzi,Switzerland,Europe,M,images/bruno_monguzzi.jpg,Central Saint Martins
Burton Kramer,Canada,North America,M,images/burton_kramer.jpg,Central Saint Martins
Cal Swann,United Kingdom,Europe,M,images/cal_swann.jpg,Central Saint Martins
Camille Walala,France,Europe,F,images/camille_walala.jpg,Central Saint Martins
Cara Ang,Singapore,Asia,F,images/cara_ang.jpg,Central Saint Martins
Chris Lee,Singapore,Asia,M,images/chris_lee.jpg,Central Saint Martins
Cipe Pineles,Italy,Europe,F,images/cipe_pineles.jpg,Central Saint Martins
Daniel Eatock,United Kingdom,Europe,M,images/daniel_eatock.jpg,Central Saint Martins
David Carson,United States,North America,M,images/david_carson.jpg,Central Saint Martins
David Carson,United States,North America,M,images/david_carson.jpg,Central Saint Martins
David Carson,United States,North America,M,images/david_carson.jpg,Central Saint Martins
Dia al-Azzawi,Iraq,Asia,M,images/dia_al-azzawi.jpg,Central Saint Martins
Edward Bawden,United Kingdom,Europe,M,images/edward_bawden.jpg,Central Saint Martins
Edward Fella,United States,North America,M,images/edward_fella.jpg,Central Saint Martins
Enid Marx,United Kingdom,Europe,F,images/enid_marx.jpg,Central Saint Martins
Erich Strenger,Germany,Europe,M,images/erich_strenger.jpg,Central Saint Martins
Erik Bruun,Finland,Europe,M,images/erik_bruun.jpg,Central Saint Martins
Felix Beltran,Cuba,South America,M,images/felix_beltran.jpg,Central Saint Martins
FHK Henrion,Germany,Europe,M,images/fhk_henrion.jpg,Central Saint Martins
FHK Henrion,Germany,Europe,M,images/fhk_henrion.jpg,Central Saint Martins
Finsta graphics,Sweden,Europe,M,images/finsta_graphics.jpg,Central Saint Martins
Franciszka Themerson,Poland,Europe,F,images/franciszka_themerson.jpg,Central Saint Martins
Franciszka Themerson,Poland,Europe,F,images/franciszka_themerson.jpg,Central Saint Martins
François Miehe,France,Europe,M,images/francois_miehe.jpg,Central Saint Martins
Fredun Shapur,South Africa,Africa,M,images/fredun_shapur.jpg,Central Saint Martins
Fritz Kahn,Germany,Europe,M,images/fritz_kahn.jpg,Central Saint Martins
Fritz Kahn,Germany,Europe,M,images/fritz_kahn.jpg,Central Saint Martins
Gary Baseman,United States,North America,M,images/gary_baseman.jpg,Central Saint Martins
Gary Baseman,United States,North America,M,images/gary_baseman.jpg,Central Saint Martins
Gary Baseman,United States,North America,M,images/gary_baseman.jpg,Central Saint Martins
George Him,Poland,Europe,M,images/george_him.jpg,Central Saint Martins
Gerald Cinamon,United States,North America,M,images/gerald_cinamon.jpg,Central Saint Martins
Gérard Paris-Clavel,France,Europe,M,images/gerard_paris-clavel.jpg,Central Saint Martins
Gerard Unger,Netherlands,Europe,M,images/gerard_unger.jpg,Central Saint Martins
Gerd Arntz,Germany,Europe,M,images/gerd_arntz.jpg,Central Saint Martins
Giovanni Pintori,Italy,Europe,M,images/giovanni_pintori.jpg,Central Saint Martins
Hans Hillmann,France,Europe,M,images/hans_hillmann.jpg,Central Saint Martins
Hans Schleger,Germany,Europe,M,images/hans_schleger.jpg,Central Saint Martins
Herb Lubalin,United States,North America,M,images/herb_lubalin.jpg,Central Saint Martins
Herb Lubalin,United States,North America,M,images/herb_lubalin.jpg,Central Saint Martins
Herb Lubalin,United States,North America,M,images/herb_lubalin.jpg,Central Saint Martins
Herb Lubalin,United States,North America,M,images/herb_lubalin.jpg,Central Saint Martins
Herbert Matter,Switzerland,Europe,M,images/herbert_matter.jpg,Central Saint Martins
Herbert Matter,Switzerland,Europe,M,images/herbert_matter.jpg,Central Saint Martins
Hermann Eidenbenz,Germany,Europe,M,images/hermann_eidenbenz.jpg,Central Saint Martins
Iris Alba,Spain,Europe,F,images/iris_alba.jpg,Central Saint Martins
Irma Boom,Netherlands,Europe,F,images/irma_boom.jpg,Central Saint Martins
Irma Boom,Netherlands,Europe,F,images/irma_boom.jpg,Central Saint Martins
Irving Harper,United States,North America,M,images/irving_harper.jpg,Central Saint Martins
Istvan Orosz,Hungary,Europe,M,images/istvan_orosz.jpg,Central Saint Martins
István Orosz,Hungary,Europe,M,images/istvan_orosz.jpg,Central Saint Martins
Italo Lupi,Italy,Europe,M,images/italo_lupi.jpg,Central Saint Martins
Abbott Miller,United States,North America,M,images/abbott_miller.jpg,Central Saint Martins
James Montgomery Flagg,United States,North America,M,images/james_montgomery_flagg.jpg,Central Saint Martins
James Victore,United States,North America,M,images/james_victore.jpg,Central Saint Martins
Jan Le Witt,Poland,Europe,M,images/no_photo.jpg,Central Saint Martins
Jean-Paul Bachollet,France,Europe,M,images/jean-paul_bachollet.jpg,Central Saint Martins
Jean-Paul Goude,France,Europe,M,images/jean-paul_goude.jpg,Central Saint Martins
Job Wouters,Netherlands,Europe,M,images/job_wouters.jpg,Central Saint Martins
John Alcorn,United States,North America,M,images/john_alcorn.jpg,Central Saint Martins
John McConnell,United Kingdom,Europe,M,images/john_mcconnell.jpg,Central Saint Martins
John Piper,United Kingdom,Europe,M,images/john_piper.jpg,Central Saint Martins
John Van Hamersveld,United States,North America,M,images/john_van_hamersveld.j,Central Saint Martinspg
John Vernon Lord,United Kingdom,Europe,M,images/john_vernon_lord.jpg,Central Saint Martins
Jon Burgerman,United Kingdom,Europe,M,images/jon_burgerman.jpg,Central Saint Martins
Jonathan Barnbrook,United Kingdom,Europe,M,images/jonathan_barnbrook.jpg,Central Saint Martins
Josef Muller-Brockmann,Switzerland,Europe,M,images/josef_muller-brockmann.jpg,Central Saint Martins
Julian Germain,United Kingdom,Europe,M,images/julian_germain.jpg,Central Saint Martins
Julien Vallee,Canada,North America,M,images/julien_vallee.jpg,Central Saint Martins
Julio Le Parc,Argentina,South America,M,images/julio_le_parc.jpg,Central Saint Martins
Jurriaan Schrofer,Netherlands,Europe,M,images/jurriaan_schrofer.jpg,Central Saint Martins
Karel Martens,Netherlands,Europe,M,images/karel_martens.jpg,Central Saint Martins
Ken Briggs,United Kingdom,Europe,M,images/ken_briggs.jpg,Central Saint Martins
Ken Garland,United Kingdom,Europe,M,images/ken_garland.jpg,Central Saint Martins
Ladislav Sutnar,Czechia,Europe,M,images/ladislav_sutnar.jpg,Central Saint Martins
Lance Wyman,United States,North America,M,images/lance_wyman.jpg,Central Saint Martins
Lance Wyman,United States,North America,M,images/lance_wyman.jpg,Central Saint Martins
Laurent Fetis,France,Europe,M,images/laurent_fetis.jpg,Central Saint Martins
Lech Majewski,Poland,Europe,M,images/lech_majewski.jpg,Central Saint Martins
Lex Reitsma,Netherlands,Europe,M,images/lex_reitsma.jpg,Central Saint Martins
Louise Fili,United States,North America,F,images/louise_fili.jpg,Central Saint Martins
Louise Schouwenberg,Netherlands,Europe,F,images/louise_schouwenberg.jpg,Central Saint Martins
Margaret Calvert,United Kingdom,Europe,F,images/margaret_calvert.jpg,Central Saint Martins
Marian Bantjes,Canada,North America,F,images/marian_bantjes.jpg,Central Saint Martins
Marian Bantjes,Canada,North America,F,images/marian_bantjes.jpg,Central Saint Martins
Mario Lombardo,United States,North America,M,images/mario_lombardo.jpg,Central Saint Martins
Mark Bloom,United Kingdom,Europe,M,images/mark_bloom.jpg,Central Saint Martins
Mark Jenkins,United States,North America,M,images/mark_jenkins.jpg,Central Saint Martins
Mark Mothersbaugh,United States,North America,M,images/mark_mothersbaugh.jpg,Central Saint Martins
Markus Weisbeck,Germany,Europe,M,images/markus_weisbeck.jpg,Central Saint Martins
Martin Woodtli,Switzerland,Europe,M,images/martin_woodtli.jpg,Central Saint Martins
Mary Blair,United States,North America,F,images/mary_blair.jpg,Central Saint Martins
Mary Blair,United States,North America,F,images/mary_blair.jpg,Central Saint Martins
Max Huber,Switzerland,Europe,M,images/max_huber.jpg,Central Saint Martins
Michael Gericke,United States,North America,M,images/michael_gericke.jpg,Central Saint Martins
Michael Morris,Canada,North America,M,images/no_photo.jpg,Central Saint Martins
Michael Peters,United States,North America,M,images/michael_peters.jpg,Central Saint Martins
Michael Schwab,United States,North America,M,images/michael_schwab.jpg,Central Saint Martins
Michel Bouvet,France,Europe,M,images/michel_bouvet.jpg,Central Saint Martins
Michele Tang,Singapore,Asia,F,images/no_photo.jpg,Central Saint Martins
Mike Mills,United States,North America,M,images/mike_mills.jpg,Central Saint Martins
Mike Mills,United States,North America,M,images/mike_mills.jpg,Central Saint Martins
Mike Perry,United States,North America,M,images/mike_perry.jpg,Central Saint Martins
Milton Glaser,United States,North America,M,images/milton_glaser.jpg,Central Saint Martins
Milton Glaser,United States,North America,M,images/milton_glaser.jpg,Central Saint Martins
Milton Glaser,United States,North America,M,images/milton_glaser.jpg,Central Saint Martins
Milton Glaser,United States,North America,M,images/milton_glaser.jpg,Central Saint Martins
Milton Glaser,United States,North America,M,images/milton_glaser.jpg,Central Saint Martins
Muriel Cooper,United States,North America,F,images/muriel_cooper.jpg,Central Saint Martins
Neo Rauch,Germany,Europe,M,images/neo_rauch.jpg,Central Saint Martins
Neville Brody,United Kingdom,Europe,M,images/neville_brody.jpg,Central Saint Martins
Noel Carrington,United Kingdom,Europe,M,images/noel_carrington.jpg,Central Saint Martins
Noel Carrington,United Kingdom,Europe,M,images/noel_carrington.jpg,Central Saint Martins
Noma Bar,Israel,Asia,M,images/noma_bar.jpg,Central Saint Martins
Noma Bar,Israel,Asia,M,images/noma_bar.jpg,Central Saint Martins
Noma Bar,Israel,Asia,M,images/noma_bar.jpg,Central Saint Martins
Norman Ives,United States,North America,M,images/norman_ives.jpg,Central Saint Martins
Norman Ives,United States,North America,M,images/norman_ives.jpg,Central Saint Martins
Oliver Munday,United States,North America,M,images/oliver_munday.jpg,Central Saint Martins
Otl Aicher,Germany,Europe,M,images/otl_aicher.jpg,Central Saint Martins
Otl Aicher,Germany,Europe,M,images/otl_aicher.jpg,Central Saint Martins
Paul Rand,United States,North America,M,images/paul_rand.jpg,Central Saint Martins
Paul Rand,United States,North America,M,images/paul_rand.jpg,Central Saint Martins
Paul Sahre,United States,North America,M,images/paul_sahre.jpg,Central Saint Martins
Paula Scher,United States,North America,F,images/paula_scher.jpg,Central Saint Martins
Paula Scher,United States,North America,F,images/paula_scher.jpg,Central Saint Martins
Peter Saville,United Kingdom,Europe,M,images/peter_saville.jpg,Central Saint Martins
Peter Saville,United Kingdom,Europe,M,images/peter_saville.jpg,Central Saint Martins
Peter Saville,United Kingdom,Europe,M,images/peter_saville.jpg,Central Saint Martins
Peter Saville,United Kingdom,Europe,M,images/peter_saville.jpg,Central Saint Martins
Philippe Apeloig,France,Europe,M,images/philippe_apeloig.jpg,Central Saint Martins
Pierre Bernard,United States,North America,M,images/pierre_bernard.jpg,Central Saint Martins
Pierre Bernard,United States,North America,M,images/pierre_bernard.jpg,Central Saint Martins
R. O. Blechman,United States,North America,M,images/r_o_blechman.jpg,Central Saint Martins
Reza Abedini,Iran,Asia,M,images/reza_abedini.jpg,Central Saint Martins
Richard Hollis,United Kingdom,Europe,M,images/richard_hollis.jpg,Central Saint Martins
Rolf Muller,Germany,Europe,M,images/rolf_muller.jpg,Central Saint Martins
Rosmarie Tissi,Switzerland,Europe,F,images/rosmarie_tissi.jpg,Central Saint Martins
Rudolph de Harak,United States,North America,M,images/rudolph_de_harak.jpg,Central Saint Martins
Ruedi Baur,Switzerland,Europe,M,images/ruedi_baur.jpg,Central Saint Martins
Ruedi Baur,Switzerland,Europe,M,images/ruedi_baur.jpg,Central Saint Martins
Ruedi Baur,Switzerland,Europe,M,images/ruedi_baur.jpg,Central Saint Martins
Ruedi Baur,Switzerland,Europe,M,images/ruedi_baur.jpg,Central Saint Martins
Saul Bass,United States,North America,M,images/saul_bass.jpg,Central Saint Martins
Seb Jarnot,France,Europe,M,images/seb_jarnot.jpg,Central Saint Martins
Seymour Chwast,United States,North America,M,images/seymour_chwast.jpg,Central Saint Martins
Seymour Chwast,United States,North America,M,images/seymour_chwast.jpg,Central Saint Martins
Seymour Chwast,United States,North America,M,images/seymour_chwast.jpg,Central Saint Martins
Seymour Chwast,United States,North America,M,images/seymour_chwast.jpg,Central Saint Martins
Shepard Fairey,United States,North America,M,images/shepard_fairey.jpg,Central Saint Martins
Shepard Fairey,United States,North America,M,images/shepard_fairey.jpg,Central Saint Martins
Shepard Fairey,United States,North America,M,images/shepard_fairey.jpg,Central Saint Martins
Stefan G. Bucher,United States,North America,M,images/stefan_g_bucher.jpg,Central Saint Martins
Stefan Kanchev,Bulgaria,Europe,M,images/stefan_kanchev.jpg,Central Saint Martins
Stefan Themerson,Poland,Europe,M,images/stefan_themerson.jpg,Central Saint Martins
Susan S. Szenasy,United States,North America,F,images/susan_s_szenasy.jpg,Central Saint Martins
Susan S. Szenasy,United States,North America,F,images/susan_s_szenasy.jpg,Central Saint Martins
Takenobu Igarashi,Japan,Asia,M,images/takenobu_igarashi.jpg,Central Saint Martins
Thomas Garner,United States,North America,M,images/thomas_garner.jpg,Central Saint Martins
Tom Eckersley,United Kingdom,Europe,M,images/tom_eckersley.jpg,Central Saint Martins
Tom Kidd,United Kingdom,Europe,M,images/tom_kidd.jpg,Central Saint Martins
Tony Arefin,Pakistan,Asia,M,images/tony_arefin.jpg,Central Saint Martins
Tony Arefin,United Kingdom,Europe,M,images/tony_arefin.jpg,Central Saint Martins
Tony Meeuwissen,United Kingdom,Europe,M,images/no_photo.jpg,Central Saint Martins
Tony Walsh,United Kingdom,Europe,M,images/tony_walsh.jpg,Central Saint Martins
Vaughan Oliver,United Kingdom,Europe,M,images/vaughan_oliver.jpg,Central Saint Martins
Vaughan Oliver,United Kingdom,Europe,M,images/vaughan_oliver.jpg,Central Saint Martins
Vaughan Oliver,United Kingdom,Europe,M,images/vaughan_oliver.jpg,Central Saint Martins
Vaughan Oliver,United Kingdom,Europe,M,images/vaughan_oliver.jpg,Central Saint Martins
Vaughan Oliver,United Kingdom,Europe,M,images/vaughan_oliver.jpg,Central Saint Martins
Vaughan Oliver,United Kingdom,Europe,M,images/vaughan_oliver.jpg,Central Saint Martins
W. A. Dwiggins,United States,North America,M,images/w_a_dwiggins.jpg,Central Saint Martins
Wilhelm Deffke,Germany,Europe,M,images/wilhelm_deffke.jpg,Central Saint Martins
Will Burtin,Germany,Europe,M,images/will_burtin.jpg,Central Saint Martins
Willem Sandberg,Netherlands,Europe,M,images/willem_sandberg.jpg,Central Saint Martins
Wim Crouwel,Netherlands,Europe,M,images/wim_crouwel.jpg,Central Saint Martins
Wim Crouwel,Netherlands,Europe,M,images/wim_crouwel.jpg,Central Saint Martins
Wim Crouwel,Netherlands,Europe,M,images/wim_crouwel.jpg,Central Saint Martins
Yuki Kikutake,Japan,Asia,F,images/yuki_kikutake.jpg,Central Saint Martins
Yuko Shimizu,Japan,Asia,F,images/yuko_shimizu.jpg,Central Saint Martins,Central Saint Martins
